(drwxr-xr-x),/images/../
(drwxr-xr-x),/images/stealth_mode/
(drwxr-xr-x),/images/browserify/
(drwxr-xr-x),/images/browserling/
(drwxr-xr-x),/images/browsers/
(drwxr-xr-x),/images/dnode-slides/
(drwxr-xr-x),/images/do_not_write_big_apps/
(drwxr-xr-x),/images/dools/
(drwxr-xr-x),/images/furniture/
(drwxr-xr-x),/images/grave/
(drwxr-xr-x),/images/haskell-gd/
(drwxr-xr-x),/images/heatwave/
(drwxr-xr-x),/images/huge/
(drwxr-xr-x),/images/hujs/
(drwxr-xr-x),/images/hume/
(drwxr-xr-x),/images/hunger_games_oakland/
(drwxr-xr-x),/images/avatars/
(drwxr-xr-x),/images/laptop-battery-hack/
(drwxr-xr-x),/images/logo/
(drwxr-xr-x),/images/math/
(drwxr-xr-x),/images/nodeconf-2011-slides/
(drwxr-xr-x),/images/npmdep/
(drwxr-xr-x),/images/penny_farthing/
(drwxr-xr-x),/images/photo/
(drwxr-xr-x),/images/pix/
(drwxr-xr-x),/images/robot-telescope/
(drwxr-xr-x),/images/rov-2010/
(drwxr-xr-x),/images/scratch/
(drwxr-xr-x),/images/screenshots/
(drwxr-xr-x),/images/sf-city-lots/
(drwxr-xr-x),/images/spaceship/
(drwxr-xr-x),/images/internet/
(-rw-r--r--),/images/youtube.png,.png
(-rw-r--r--),/images/yarnify.svg,.svg
(-rw-r--r--),/images/yarnify.png,.png
(-rw-r--r--),/images/writable.svg,.svg
(-rw-r--r--),/images/writable.png,.png
(-rw-r--r--),/images/worm.svg,.svg
(-rw-r--r--),/images/worm.png,.png
(-rw-r--r--),/images/world_map.svg,.svg
(-rw-r--r--),/images/world_map.png,.png
(-rw-r--r--),/images/wizard_sprite.svg,.svg
(-rw-r--r--),/images/wizard_hat_dull.png,.png
(-rw-r--r--),/images/wizard_hat.svg,.svg
(-rw-r--r--),/images/wizard_hat.png,.png
(-rw-r--r--),/images/wizard.svg,.svg
(-rw-r--r--),/images/wizard.png,.png
(-rw-r--r--),/images/why-browserling.png,.png
(-rw-r--r--),/images/whale.svg,.svg
(-rw-r--r--),/images/whale.png,.png
(-rw-r--r--),/images/websockets.svg,.svg
(-rw-r--r--),/images/websockets.png,.png
(-rw-r--r--),/images/virtual_mars.svg,.svg
(-rw-r--r--),/images/virtual_mars.png,.png
(-rw-r--r--),/images/vaporwave.jpg,.jpg
(-rw-r--r--),/images/upboat.svg,.svg
(-rw-r--r--),/images/upboat.png,.png
(-rw-r--r--),/images/unix_philosophy.svg,.svg
(-rw-r--r--),/images/unix_philosophy.png,.png
(-rw-r--r--),/images/universe-of-discord.svg,.svg
(-rw-r--r--),/images/universe-of-discord.png,.png
(-rw-r--r--),/images/twitter.png,.png
(-rw-r--r--),/images/trumpet.svg,.svg
(-rw-r--r--),/images/trumpet.png,.png
(-rw-r--r--),/images/triceratops.svg,.svg
(-rw-r--r--),/images/triceratops.png,.png
(-rw-r--r--),/images/tree.svg,.svg
(-rw-r--r--),/images/tree-traversal.svg,.svg
(-rw-r--r--),/images/tree-traversal.png,.png
(-rw-r--r--),/images/trampoline.png,.png
(-rw-r--r--),/images/tracer_bullet.svg,.svg
(-rw-r--r--),/images/tracer_bullet.png,.png
(-rw-r--r--),/images/through.svg,.svg
(-rw-r--r--),/images/through.png,.png
(-rw-r--r--),/images/thomas-turtle.svg,.svg
(-rw-r--r--),/images/thomas-turtle.png,.png
(-rw-r--r--),/images/thinkpad.svg,.svg
(-rw-r--r--),/images/thinkpad.png,.png
(-rw-r--r--),/images/the-robot-vote.svg,.svg
(-rw-r--r--),/images/the-robot-vote.png,.png
(-rw-r--r--),/images/testling_sticker.svg,.svg
(-rw-r--r--),/images/testling_sticker.png,.png
(-rw-r--r--),/images/testling_mission_control.png,.png
(-rw-r--r--),/images/testling_icon.png,.png
(-rw-r--r--),/images/testling_donate_5.png,.png
(-rw-r--r--),/images/testling_donate_20.png,.png
(-rw-r--r--),/images/testling_donate_10.png,.png
(-rw-r--r--),/images/testling_donate.svg,.svg
(-rw-r--r--),/images/testling_big.png,.png
(-rw-r--r--),/images/testling_badge_dnode.png,.png
(-rw-r--r--),/images/testling_badge.svg,.svg
(-rw-r--r--),/images/testling_badge.png,.png
(-rw-r--r--),/images/testling.svg,.svg
(-rw-r--r--),/images/testling.png,.png
(-rw-r--r--),/images/tape_drive.svg,.svg
(-rw-r--r--),/images/tape_drive.png,.png
(-rw-r--r--),/images/tacodb_tacostack5.png,.png
(-rw-r--r--),/images/tacodb_tacostack.png,.png
(-rw-r--r--),/images/tacodb_platestack5.png,.png
(-rw-r--r--),/images/tacodb_platestack.png,.png
(-rw-r--r--),/images/tacodb_platedb.png,.png
(-rw-r--r--),/images/tacodb_logo.png,.png
(-rw-r--r--),/images/tacodb.svg,.svg
(-rw-r--r--),/images/tacodb.png,.png
(-rw-r--r--),/images/taco_conf_front.svg,.svg
(-rw-r--r--),/images/taco_conf_date.png,.png
(-rw-r--r--),/images/taco_conf_back.svg,.svg
(-rw-r--r--),/images/taco_conf.png,.png
(-rw-r--r--),/images/taco.svg,.svg
(-rw-r--r--),/images/taco.png,.png
(-rw-r--r--),/images/t-rex.svg,.svg
(-rw-r--r--),/images/t-rex.png,.png
(-rw-r--r--),/images/swoop.svg,.svg
(-rw-r--r--),/images/swoop.png,.png
(-rw-r--r--),/images/substackistan.png,.png
(-rw-r--r--),/images/substack_pixel.svg,.svg
(-rw-r--r--),/images/substack_monochrome.png,.png
(-rw-r--r--),/images/substack_monochrome.jpg,.jpg
(-rw-r--r--),/images/substack_header_letters.png,.png
(-rw-r--r--),/images/substack_header.svg,.svg
(-rw-r--r--),/images/substack_compute.jpg,.jpg
(-rw-r--r--),/images/substack_compute.an8,.an8
(-rw-r--r--),/images/substack_angry.png,.png
(-rw-r--r--),/images/substack_240.png,.png
(-rw-r--r--),/images/substack.svg,.svg
(-rw-r--r--),/images/substack.png,.png
(-rw-r--r--),/images/substack.gif,.gif
(-rw-r--r--),/images/soundcloud.png,.png
(-rw-r--r--),/images/sound_of_a_voice.svg,.svg
(-rw-r--r--),/images/sound_of_a_voice.png,.png
(-rw-r--r--),/images/sky_cake.svg,.svg
(-rw-r--r--),/images/sky_cake.png,.png
(-rw-r--r--),/images/singsong.png,.png
(-rw-r--r--),/images/sillyscope_spectrogram.png,.png
(-rw-r--r--),/images/shoe.svg,.svg
(-rw-r--r--),/images/shoe.png,.png
(-rw-r--r--),/images/shader_emulation_taurus.png,.png
(-rw-r--r--),/images/sesame.svg,.svg
(-rw-r--r--),/images/sesame.png,.png
(-rw-r--r--),/images/separation_of_concerns.svg,.svg
(-rw-r--r--),/images/separation_of_concerns.png,.png
(-rw-r--r--),/images/self_big.jpg,.jpg
(-rw-r--r--),/images/self.svg,.svg
(-rw-r--r--),/images/self.png,.png
(-rw-r--r--),/images/self.jpg,.jpg
(-rw-r--r--),/images/secure_peer_logo.svg,.svg
(-rw-r--r--),/images/secure_peer_logo.png,.png
(-rw-r--r--),/images/seaport_logo.svg,.svg
(-rw-r--r--),/images/seaport_logo.png,.png
(-rw-r--r--),/images/seaport.svg,.svg
(-rw-r--r--),/images/seaport.png,.png
(-rw-r--r--),/images/scuttlebutt.svg,.svg
(-rw-r--r--),/images/scuttlebutt.png,.png
(-rw-r--r--),/images/school_of_fish.svg,.svg
(-rw-r--r--),/images/school_of_fish.png,.png
(-rw-r--r--),/images/saucer_pending.svg,.svg
(-rw-r--r--),/images/saucer_pending.gif,.gif
(-rw-r--r--),/images/saucer_landing.png,.png
(-rw-r--r--),/images/safe_harbor_claus.svg,.svg
(-rw-r--r--),/images/safe_harbor_claus.png,.png
(-rw-r--r--),/images/rov.svg,.svg
(-rw-r--r--),/images/rov.png,.png
(-rw-r--r--),/images/ross_mural.png,.png
(-rw-r--r--),/images/robot_telescope.svg,.svg
(-rw-r--r--),/images/robot_telescope.png,.png
(-rw-r--r--),/images/robot_recycling.jpg,.jpg
(-rw-r--r--),/images/robot.svg,.svg
(-rw-r--r--),/images/robot.png,.png
(-rw-r--r--),/images/robokit.svg,.svg
(-rw-r--r--),/images/robokit.png,.png
(-rw-r--r--),/images/right.png,.png
(-rw-r--r--),/images/readable.svg,.svg
(-rw-r--r--),/images/readable.png,.png
(-rw-r--r--),/images/raptor.svg,.svg
(-rw-r--r--),/images/raptor.png,.png
(-rw-r--r--),/images/queue.png,.png
(-rw-r--r--),/images/quacks_like_a_duck.svg,.svg
(-rw-r--r--),/images/quacks_like_a_duck.png,.png
(-rw-r--r--),/images/pushover_logo.png,.png
(-rw-r--r--),/images/pushover.svg,.svg
(-rw-r--r--),/images/pushover.png,.png
(-rw-r--r--),/images/printable_pixels.svg,.svg
(-rw-r--r--),/images/printable.svg,.svg
(-rw-r--r--),/images/pony.svg,.svg
(-rw-r--r--),/images/pony.png,.png
(-rw-r--r--),/images/polar_bear.svg,.svg
(-rw-r--r--),/images/polar_bear.png,.png
(-rw-r--r--),/images/ploy.svg,.svg
(-rw-r--r--),/images/ploy.png,.png
(-rw-r--r--),/images/pending_badge.png,.png
(-rw-r--r--),/images/pause_stream.svg,.svg
(-rw-r--r--),/images/pause_stream.png,.png
(-rw-r--r--),/images/pascal.svg,.svg
(-rw-r--r--),/images/pascal.png,.png
(-rw-r--r--),/images/outline.png,.png
(-rw-r--r--),/images/oscilloscope.svg,.svg
(-rw-r--r--),/images/oscilloscope.png,.png
(-rw-r--r--),/images/optimistic.svg,.svg
(-rw-r--r--),/images/optimistic.png,.png
(-rw-r--r--),/images/optimist_logo.svg,.svg
(-rw-r--r--),/images/optimist_logo.png,.png
(-rw-r--r--),/images/only-a-dream.svg,.svg
(-rw-r--r--),/images/only-a-dream.png,.png
(-rw-r--r--),/images/ogdenius_maximus.svg,.svg
(-rw-r--r--),/images/ogdenius_maximus.png,.png
(-rw-r--r--),/images/octopus.an8,.an8
(-rw-r--r--),/images/oakland.svg,.svg
(-rw-r--r--),/images/oakland.png,.png
(-rw-r--r--),/images/oakjs.svg,.svg
(-rw-r--r--),/images/oakjs.png,.png
(-rw-r--r--),/images/oak_coffee.svg,.svg
(-rw-r--r--),/images/oak_coffee.png,.png
(-rw-r--r--),/images/npmtop.svg,.svg
(-rw-r--r--),/images/npmtop.png,.png
(-rw-r--r--),/images/npm.png,.png
(-rw-r--r--),/images/node_turtle_solid.svg,.svg
(-rw-r--r--),/images/node_turtle_solid.png,.png
(-rw-r--r--),/images/node_turtle_plume.svg,.svg
(-rw-r--r--),/images/node_turtle_plume.png,.png
(-rw-r--r--),/images/node_turtle.svg,.svg
(-rw-r--r--),/images/node_turtle.png,.png
(-rw-r--r--),/images/no_earthquakes.png,.png
(-rw-r--r--),/images/nesting-robots.svg,.svg
(-rw-r--r--),/images/nesting-robots.png,.png
(-rw-r--r--),/images/mux_demux.svg,.svg
(-rw-r--r--),/images/mux_demux.png,.png
(-rw-r--r--),/images/music.svg,.svg
(-rw-r--r--),/images/music.png,.png
(-rw-r--r--),/images/mushroom_cloud.svg,.svg
(-rw-r--r--),/images/mushroom_cloud.png,.png
(-rw-r--r--),/images/multimeter.svg,.svg
(-rw-r--r--),/images/multimeter.png,.png
(-rw-r--r--),/images/mrcolor.svg,.svg
(-rw-r--r--),/images/mrcolor.png,.png
(-rw-r--r--),/images/mountie_equation.png,.png
(-rw-r--r--),/images/mountie.svg,.svg
(-rw-r--r--),/images/mountie.png,.png
(-rw-r--r--),/images/monster_0.svg,.svg
(-rw-r--r--),/images/modularity.png,.png
(-rw-r--r--),/images/mind_explosion_silly.png,.png
(-rw-r--r--),/images/mind_explosion.svg,.svg
(-rw-r--r--),/images/mind_explosion.png,.png
(-rw-r--r--),/images/microwave.png,.png
(-rw-r--r--),/images/method-chain.svg,.svg
(-rw-r--r--),/images/method-chain.png,.png
(-rw-r--r--),/images/message-passing.svg,.svg
(-rw-r--r--),/images/message-passing.png,.png
(-rw-r--r--),/images/mechanical_bull.svg,.svg
(-rw-r--r--),/images/mechanical_bull.png,.png
(-rw-r--r--),/images/mcilroy.svg,.svg
(-rw-r--r--),/images/mcilroy.png,.png
(-rw-r--r--),/images/maxwell-equations.jpg,.jpg
(-rw-r--r--),/images/max_fish.png,.png
(-rw-r--r--),/images/max.svg,.svg
(-rw-r--r--),/images/max.png,.png
(-rw-r--r--),/images/max.gif,.gif
(-rw-r--r--),/images/marley.svg,.svg
(-rw-r--r--),/images/marley.png,.png
(-rw-r--r--),/images/malicious-user.svg,.svg
(-rw-r--r--),/images/malicious-user.png,.png
(-rw-r--r--),/images/malicious-attack.svg,.svg
(-rw-r--r--),/images/malicious-attack.png,.png
(-rw-r--r--),/images/mad_science_%E7%96%AF%E7%8B%82%E7%A7%91%E5%AD%A6.svg,.svg
(-rw-r--r--),/images/mad_science_%E7%96%AF%E7%8B%82%E7%A7%91%E5%AD%A6.png,.png
(-rw-r--r--),/images/mad_science.svg,.svg
(-rw-r--r--),/images/mad_science.png,.png
(-rw-r--r--),/images/leveldb.svg,.svg
(-rw-r--r--),/images/leveldb.png,.png
(-rw-r--r--),/images/level_party.svg,.svg
(-rw-r--r--),/images/level_party.png,.png
(-rw-r--r--),/images/lettuce.svg,.svg
(-rw-r--r--),/images/lettuce.png,.png
(-rw-r--r--),/images/left.png,.png
(-rw-r--r--),/images/lebron.svg,.svg
(-rw-r--r--),/images/lebron.png,.png
(-rw-r--r--),/images/lazorse.svg,.svg
(-rw-r--r--),/images/lazorse.png,.png
(-rw-r--r--),/images/lanyrd.png,.png
(-rw-r--r--),/images/lambdaphant.svg,.svg
(-rw-r--r--),/images/lambdaphant.png,.png
(-rw-r--r--),/images/kernighan.svg,.svg
(-rw-r--r--),/images/kernighan.png,.png
(-rw-r--r--),/images/keeping_it_surrealtime.svg,.svg
(-rw-r--r--),/images/keeping_it_surrealtime.png,.png
(-rw-r--r--),/images/jumping.png,.png
(-rw-r--r--),/images/isaacs.svg,.svg
(-rw-r--r--),/images/isaacs.png,.png
(-rw-r--r--),/images/iphone_safari.png,.png
(-rw-r--r--),/images/iphone.png,.png
(-rw-r--r--),/images/ipad_safari.png,.png
(-rw-r--r--),/images/ipad.png,.png
(-rw-r--r--),/images/ios_safari.png,.png
(-rw-r--r--),/images/interplanetary-brotherhood-of-robots.svg,.svg
(-rw-r--r--),/images/interplanetary-brotherhood-of-robots.png,.png
(-rw-r--r--),/images/internal-error.svg,.svg
(-rw-r--r--),/images/internal-error.png,.png
(-rw-r--r--),/images/ieee.png,.png
(-rw-r--r--),/images/icebreaker.svg,.svg
(-rw-r--r--),/images/icebreaker.png,.png
(-rw-r--r--),/images/hyperspace.svg,.svg
(-rw-r--r--),/images/hyperspace.png,.png
(-rw-r--r--),/images/hunger_games_oakland.svg,.svg
(-rw-r--r--),/images/hunger_games_oakland.png,.png
(-rw-r--r--),/images/html5.svg,.svg
(-rw-r--r--),/images/html5.png,.png
(-rw-r--r--),/images/ht_in_et_draft2.png,.png
(-rw-r--r--),/images/ht_in_et_draft1.png,.png
(-rw-r--r--),/images/ht_in_et_draft0.png,.png
(-rw-r--r--),/images/ht_in_et.svg,.svg
(-rw-r--r--),/images/ht_in_et.png,.png
(-rw-r--r--),/images/hookio.svg,.svg
(-rw-r--r--),/images/hookio.png,.png
(-rw-r--r--),/images/hjkl.svg,.svg
(-rw-r--r--),/images/hjkl.png,.png
(-rw-r--r--),/images/heatwave.png,.png
(-rw-r--r--),/images/heatmap.png,.png
(-rw-r--r--),/images/hat.svg,.svg
(-rw-r--r--),/images/hat.png,.png
(-rw-r--r--),/images/harnessing_streams.svg,.svg
(-rw-r--r--),/images/harnessing_streams.png,.png
(-rw-r--r--),/images/halliday.svg,.svg
(-rw-r--r--),/images/halliday.png,.png
(-rw-r--r--),/images/gossip_protocol.svg,.svg
(-rw-r--r--),/images/gossip_protocol.png,.png
(-rw-r--r--),/images/gittip.png,.png
(-rw-r--r--),/images/gitorious.png,.png
(-rw-r--r--),/images/github_request.png,.png
(-rw-r--r--),/images/github.png,.png
(-rw-r--r--),/images/funny-papers.svg,.svg
(-rw-r--r--),/images/funny-papers.png,.png
(-rw-r--r--),/images/freestyle_streams.svg,.svg
(-rw-r--r--),/images/freestyle_streams.png,.png
(-rw-r--r--),/images/fleet.svg,.svg
(-rw-r--r--),/images/fleet.png,.png
(-rw-r--r--),/images/felidae.svg,.svg
(-rw-r--r--),/images/felidae.png,.png
(-rw-r--r--),/images/feed.png,.png
(-rw-r--r--),/images/favicon.svg,.svg
(-rw-r--r--),/images/favicon.png,.png
(-rw-r--r--),/images/falafel_logo.svg,.svg
(-rw-r--r--),/images/falafel_logo.png,.png
(-rw-r--r--),/images/falafel.svg,.svg
(-rw-r--r--),/images/falafel.png,.png
(-rw-r--r--),/images/facebook.png,.png
(-rw-r--r--),/images/exterminate.svg,.svg
(-rw-r--r--),/images/exterminate.png,.png
(-rw-r--r--),/images/ent.svg,.svg
(-rw-r--r--),/images/ent.png,.png
(-rw-r--r--),/images/emit_stream_1.png,.png
(-rw-r--r--),/images/emit_stream_0.png,.png
(-rw-r--r--),/images/emit_stream.svg,.svg
(-rw-r--r--),/images/emit_stream.gif,.gif
(-rw-r--r--),/images/duplexer.svg,.svg
(-rw-r--r--),/images/duplexer.png,.png
(-rw-r--r--),/images/duplex_streams.svg,.svg
(-rw-r--r--),/images/duplex_streams.png,.png
(-rw-r--r--),/images/duplex_shirt.svg,.svg
(-rw-r--r--),/images/duplex_shirt.png,.png
(-rw-r--r--),/images/duck.svg,.svg
(-rw-r--r--),/images/duck.png,.png
(-rw-r--r--),/images/dtrace_pony.svg,.svg
(-rw-r--r--),/images/dtrace_pony.png,.png
(-rw-r--r--),/images/dtrace_pony.eps,.eps
(-rw-r--r--),/images/dreamhosted.svg,.svg
(-rw-r--r--),/images/dreamhosted.png,.png
(-rw-r--r--),/images/draw_oakland.svg,.svg
(-rw-r--r--),/images/draw_oakland.png,.png
(-rw-r--r--),/images/document.png,.png
(-rw-r--r--),/images/dnode_logo.svg,.svg
(-rw-r--r--),/images/dnode_logo.png,.png
(-rw-r--r--),/images/dnode_freestyle.png,.png
(-rw-r--r--),/images/dnode.svg,.svg
(-rw-r--r--),/images/dnode.png,.png
(-rw-r--r--),/images/dismantle_all_the_standards_bodies.svg,.svg
(-rw-r--r--),/images/dismantle_all_the_standards_bodies.png,.png
(-rw-r--r--),/images/dijkstra-folk-wisdom.svg,.svg
(-rw-r--r--),/images/dijkstra-folk-wisdom.png,.png
(-rw-r--r--),/images/created_by_browserling_banner.svg,.svg
(-rw-r--r--),/images/created_by_browserling_banner.png,.png
(-rw-r--r--),/images/crane.svg,.svg
(-rw-r--r--),/images/crane.png,.png
(-rw-r--r--),/images/couchdb.svg,.svg
(-rw-r--r--),/images/couchdb.png,.png
(-rw-r--r--),/images/coronation.svg,.svg
(-rw-r--r--),/images/coronation.png,.png
(-rw-r--r--),/images/copter.svg,.svg
(-rw-r--r--),/images/copter.png,.png
(-rw-r--r--),/images/compute.png,.png
(-rw-r--r--),/images/code_coverage.svg,.svg
(-rw-r--r--),/images/code_coverage.png,.png
(-rw-r--r--),/images/clown.svg,.svg
(-rw-r--r--),/images/clown.png,.png
(-rw-r--r--),/images/clocker.svg,.svg
(-rw-r--r--),/images/clocker.png,.png
(-rw-r--r--),/images/cipherhub.svg,.svg
(-rw-r--r--),/images/cipherhub.png,.png
(-rw-r--r--),/images/charms.svg,.svg
(-rw-r--r--),/images/charms.png,.png
(-rw-r--r--),/images/chainsaw.svg,.svg
(-rw-r--r--),/images/chainsaw.png,.png
(-rw-r--r--),/images/cat-on-keys.png,.png
(-rw-r--r--),/images/cassette_robot.jpg,.jpg
(-rw-r--r--),/images/cassette_bot.an8,.an8
(-rw-r--r--),/images/cash_register.svg,.svg
(-rw-r--r--),/images/cash_register.png,.png
(-rw-r--r--),/images/cannon.svg,.svg
(-rw-r--r--),/images/cannon.png,.png
(-rw-r--r--),/images/california_roll.svg,.svg
(-rw-r--r--),/images/california_roll.png,.png
(-rw-r--r--),/images/burrito.svg,.svg
(-rw-r--r--),/images/burrito.png,.png
(-rw-r--r--),/images/bug.png,.png
(-rw-r--r--),/images/browsers.svg,.svg
(-rw-r--r--),/images/browserling_map.png,.png
(-rw-r--r--),/images/browserling_icon.png,.png
(-rw-r--r--),/images/browserling-tshirt.svg,.svg
(-rw-r--r--),/images/browserling-tshirt.png,.png
(-rw-r--r--),/images/browserify_logo.svg,.svg
(-rw-r--r--),/images/browserify_logo.png,.png
(-rw-r--r--),/images/browserify.svg,.svg
(-rw-r--r--),/images/browserify.png,.png
(-rw-r--r--),/images/brain.svg,.svg
(-rw-r--r--),/images/brain.png,.png
(-rw-r--r--),/images/bouncy.svg,.svg
(-rw-r--r--),/images/bouncy.png,.png
(-rw-r--r--),/images/binary-stream.svg,.svg
(-rw-r--r--),/images/binary-stream.png,.png
(-rw-r--r--),/images/ben.svg,.svg
(-rw-r--r--),/images/ben.png,.png
(-rw-r--r--),/images/bed.svg,.svg
(-rw-r--r--),/images/bed.png,.png
(-rw-r--r--),/images/bb.png,.png
(-rw-r--r--),/images/baudio_logo.svg,.svg
(-rw-r--r--),/images/baudio_logo.png,.png
(-rw-r--r--),/images/badge.png,.png
(-rw-r--r--),/images/arrows.svg,.svg
(-rw-r--r--),/images/apatosaur.svg,.svg
(-rw-r--r--),/images/apatosaur.png,.png
(-rw-r--r--),/images/anyone-can-hack.jpg,.jpg
(-rw-r--r--),/images/android_chrome.png,.png
(-rw-r--r--),/images/all_the_way_down.svg,.svg
(-rw-r--r--),/images/all_the_way_down.png,.png
(-rw-r--r--),/images/all_the_concerns.png,.png
(-rw-r--r--),/images/airport.svg,.svg
(-rw-r--r--),/images/airport.png,.png
(-rw-r--r--),/images/agu.svg,.svg
(-rw-r--r--),/images/a_pipe_b_pipe_a.svg,.svg
(-rw-r--r--),/images/a_pipe_b_pipe_a.png,.png
(-rw-r--r--),/images/a_browser_in_your_browser.png,.png
(-rw-r--r--),/images/LICENSE
(-rw-r--r--),/images/1up_upvote.png,.png
(-rw-r--r--),/images/1up.svg,.svg
(-rw-r--r--),/images/1up.png,.png
